accession,start,stop,sequence
A0A0B4J1M2,254,263,LHYGCATFMY
A0A0G2JFH3,254,263,IITLAAIHRF
A0A0N4SUP0,253,262,FYGTILGIYI
A0A0N4SVC3,249,258,SYGSCIFIYV
A0A0N4SVP2,250,259,LFYVTTLST
A0A140LIR8,294,303,FYGTIIFMYL
A0A140LJF5,256,265,LSYGTATFIY
A0A1B0GSE1,256,265,FFTPAFFSFL
A0A1B0GSF4,256,265,VVGLTFIHRF
A0A1B0GSN5,256,265,FFTPAFFSFL
A0A1B0GST0,260,269,FYIPMFSLSL
A0A1B0GSU5,257,266,LISLSFVHRF
A0A1L1SQF6,254,263,FYAPATYIYL
A0A1L1SQJ6,247,256,LFFVPCIFMY
A0A1L1SRZ5,265,274,GTASITYLQP
A0A1L1SSB4,258,267,AIYIYIRPNS
A0A1L1SSS5,251,260,FYGSCAFMYL
A0A1L1SSZ5,248,257,FFVPCIFMYV
A0A1L1STN9,261,270,LFYGTASITY
A0A1L1SU13,249,258,FFVPCILIYA
A0A1L1SUC9,250,259,IFYGTLIFMY
A0A1L1SUS1,253,262,GTGIGVYLSS
A0A1L1SV77,253,262,CIFMYANPSA
A0A1L1SVG7,268,277,IFYVPGMFSF
A0A1L1SVH0,256,265,QYGCCAFMYL
A0A1W2P740,265,274,LFYGAIAGIY
A0A288CFY5,264,273,FFGPCIFIYA
A0A2I3BPE8,256,265,PSVFSFLTHR
A0A2I3BQA3,266,275,FFGPCIFIYT
A0A2I3BQR4,256,265,HYGFASVIYL
A0A2I3BR00,228,237,ILLISYSYIV
A0A2I3BR67,260,269,LAFFSFFTHR
A0A2I3BRI6,263,272,AMFSYMNPRS
A0A2I3BRV4,256,265,HFGCASIIYL
A0A2I3BRV7,267,276,GTATAVYIGS
A2ACY8,253,262,FFYAPASYIY
A2AHM8,262,271,LVYAVPLAGQ
A2AM35,249,258,LYYGAALSMY
A2ARY0,250,259,IFYGTIIFMY
A2ARY1,250,259,IFYGTVSFMY
A2ARZ0,250,259,VFYGSLLFMY
A2ASU6,250,259,IFYGTLFCMY
A2ASU7,255,264,MFYGSLFCMY
A2ASV3,251,260,LFYGTAIFMY
A2AT78,247,256,LFFVPCIFMY
A2AT85,263,272,LFYGTAGITY
A2AT96,250,259,LFYGSGTFSY
A2ATA0,257,266,LFFGSGIITY
A2ATE0,251,260,FYGTLFCMYV
A2ATG2,249,258,FFVPCIIIYA
A2ATG3,249,258,FFVSCILIYA
A2ATJ4,248,257,FFGPCIYTYV
A2ATJ7,248,257,SFGPCIFIYA
A2ATJ9,248,257,FFGPCIFIYA
A2AUA2,247,256,LFFVPCIFMY
A2AV10,254,263,LFFVPCIFMY
A2AV11,248,257,FFVPCIFLYM
A2AVB5,250,259,FYGSLIFTYL
A2AVB8,250,259,LFYGSVTFSY
A2AVC3,250,259,VFHGTILFIY
A2AVC4,251,260,FHGTILSIYC
A2AVC7,227,236,PFILVLTSYS
A2AVK5,247,256,LFFVPCIFLY
A2AVL6,250,259,FFGPLIFVYT
A2AVT0,259,268,YHGTLIFIYL
A2AVT5,272,281,CVLKSKSSLF
A2AVW1,250,259,FFGPTLFIYT
A2AVW3,250,259,FFGPLIFFYV
A2AVX9,250,259,IFYGTLFFMY
A2AVY0,250,259,ILYGTLSFMY
A2BHP6,252,261,FHGTILFLFC
A2RS33,252,261,VFYSTAGFTF
A2RTN7,250,259,FFGPCIFIYV
A2RTP5,254,263,LFYCSVMKMY
A3KGY3,249,258,FFVPCILIYA
B1ARL3,250,259,LFFGTVIRAY
B2RT33,250,259,LYVPVLFTYI
B2RVY8,274,283,ATYIYMRPNS
B2RVZ1,252,261,SAAFVYLRPP
B9EHE6,214,223,SDLILIGISY
E9PUN7,211,220,IDLLLVILSY
E9PV37,260,269,LFYGFGLLAH
E9PV79,259,268,VMIMYLSPTS
E9PV95,255,264,LFYMPVFFSS
E9PV96,256,265,LLAFFSFFTH
E9PVA0,256,265,VFYIPAFFSF
E9PVJ7,263,272,FTYLQPKSSH
E9PVW2,267,276,GTSIGVYIGS
E9PVX1,258,267,LFYGTALGVY
E9PVZ7,223,232,PSFTILISYV
E9PW59,251,260,FFGSSAFMYL
E9PWA8,257,266,LISLSFVHRF
E9PWF9,250,259,FYSSIIYMYM
E9PWI5,262,271,STSIVFRVAK
E9PWU0,256,265,YYVPCIFIYL
E9PWV2,252,261,HYGCASIIYL
E9PXH6,249,258,LFYGTVMIMY
E9PXN3,252,261,LFYGPGIFTT
E9PXW4,258,267,VFYIPMFSLS
E9PYB4,256,265,LISLAVLHRY
E9PYK6,262,271,GFVIYGQPGG
E9PYP4,250,259,LYYGSLLFMY
E9PZ66,256,265,PIIGLTMVHR
E9PZS7,261,270,AMFSYMNPRS
E9PZU2,250,259,FFGPCIFIYA
E9PZZ6,256,265,YYVPCIFIYL
E9Q050,255,264,LFYSTTLFTY
E9Q0M4,246,255,SVAVMYLRFS
E9Q0Y7,250,259,IHYGCASFMY
E9Q0Z1,254,263,FYGSAIFLYV
E9Q1P0,257,266,VMIMYLSPTS
E9Q252,254,263,ALFSSITHRI
E9Q2B9,253,262,VFFMYAQPSA
E9Q382,256,265,VVGLTFIHRF
E9Q3K2,249,258,LFYGAAIYTY
E9Q407,262,271,MILLALIDRF
E9Q413,251,260,FFGSGAFMYL
E9Q438,250,259,FYGTVMVMYV
E9Q4G0,253,262,FFGSVALMYL
E9Q4J3,253,262,GAAVFIYMVP
E9Q4X7,249,258,LFYTPMIGLS
E9Q518,261,270,AIAYVAYRAN
E9Q519,255,264,TYYSSIAIAY
E9Q542,252,261,MFYLPGIFTI
E9Q544,248,257,IVLIFYLPKL
E9Q545,248,257,GAILAFYTPV
E9Q546,253,262,IFYVPIAVSS
E9Q547,256,265,FIGATMIHRF
E9Q549,259,268,GMASIYVAWL
E9Q550,266,275,LIGLSVVHRL
E9Q554,254,263,LISLSLVHRY
E9Q564,251,260,AFYTPALFSF
E9Q598,256,265,PLVSLSMIHR
E9Q5F1,251,260,FFGSIIFMYV
E9Q5G9,254,263,STGLGVYVSS
E9Q5P8,250,259,IYYSSTLFT
E9Q6Z7,249,258,LFFGSGAFVY
E9Q725,250,259,LFYGSGIITY
E9Q7E7,250,259,FFGSVALMYL
E9Q7P5,257,266,IIAVSMIHRF
E9Q838,253,262,FYSTAVFTFL
E9Q840,254,263,TIMVMYVSPT
E9Q843,250,259,FYGFAMLTHV
E9Q848,255,264,ASFIYLRPKS
E9Q8F6,251,260,FYGSLFFIYI
E9Q8M2,250,259,FFGSAFIVYV
E9Q8M3,250,259,MFFGPCIFIY
E9Q8X1,250,259,HYGCASIAYF
E9Q8X3,253,262,PCIFIYAWPF
E9Q985,250,259,FFGPGLFIYL
E9Q9Z0,250,259,LFYGTIMVMY
F6QVZ8,248,257,IFFGSLIFMY
F7BL62,249,258,FFVPCILIYA
F7CWV4,253,262,ACFVNLKPPS
F8VPJ8,260,269,PAFFSFFAHR
F8VPJ9,259,268,LSLVHRFGKH
F8VPZ8,253,262,VIGLTFIHRF
F8VQ01,253,262,VIGLTFIHRF
F8VQ26,251,260,AFYTPAFFSF
F8VQ84,251,260,SSGAYVYLKP
F8VQB1,248,257,IHFVFASVVY
F8VQB9,250,259,FFGPCILIYV
F8VQI7,251,260,IIGLTMVHRF
G5E8J1,252,261,YYGPFIFTYM
K7N5P3,250,259,LFFGSGAFMY
K7N5T5,248,257,LYYGPLLIMY
K7N5X7,250,259,FFGPCIFIYA
K7N641,250,259,MWYGGAIVMY
K7N659,249,258,HFVPCIYVYA
K7N662,255,264,AIFAYMRPNS
K7N684,251,260,FFYAPATYTY
K7N6B1,263,272,MVGVSMTHRF
K7N6B2,256,265,LLAFFSFFTH
K7N6B3,254,263,FYTPSLFTFF
K7N6V7,216,225,LLILLSYTFI
K7N727,263,272,FTYLQPKSSH
K9J6X0,251,260,FYGTAIYMYL
L7MTT3,250,259,IFYETLFCMY
L7MTV4,252,261,FYVPASYIYL
L7MU51,248,257,FFVPCIFMYV
L7MU53,249,258,FFVPCILIYA
L7MU54,249,258,FLVPCILIYA
L7MU57,250,259,YHGTLIFIYL
L7MU59,250,259,VFYGTLFFMY
L7MU75,253,262,MFSIPCMVMY
L7N1X7,255,264,FYGSVMVMYV
L7N1Y2,258,267,SVMIMYMSPS
L7N1Y4,251,260,AFYTPAFFSF
L7N1Y5,259,268,VMIMYLSPTS
L7N1Y6,254,263,LFFGAAAFMY
L7N1Y8,249,258,LFYGTLFFMY
L7N1Z5,256,265,LFYGSGLLAY
L7N1Z8,250,259,LYYGPLLFMY
L7N205,250,259,LFYGTLFFMY
L7N210,256,265,LFYVTGMLAY
L7N224,252,261,EFYILAFFSF
L7N455,257,266,VTFVYVIPES
L7N457,252,261,YYVPCAFTYL
L7N475,249,258,FYSSVIAVYL
M9MMJ7,248,257,LFYGAAIYTY
M9MMK4,267,276,LFYGAAVYTY
P23275,250,259,LFYGSAIYGY
P34983,224,233,IIVTILSIHS
P34984,253,262,TAIVMYVGPR
Q05A45,253,262,PCIFIYAWPF
Q0VAX9,280,289,VYLSSAVSLS
Q0VBH3,250,259,AFYTPALFSF
Q0VEL5,249,258,FYSSVIAVYL
Q14AJ9,247,256,FFLSAAGFEF
Q14AK5,250,259,MFGPAIFIYT
Q3KPB0,257,266,LIVLALIHRF
Q3KPC7,253,262,MFCVPCMVMY
Q3SXH8,255,264,FSTILLVFIL
Q3SXJ3,248,257,FFGPCIFIYT
Q5CZY0,259,268,GSGSITYLRP
Q5NC44,258,267,LYYGAAIYTY
Q5NC45,249,258,LYFGQAIFIY
Q5NC55,251,260,GTGSFVYLRP
Q5NC59,249,258,FYGTGSFVYL
Q5NCC7,270,279,GTGLIRYLRP
Q5NCD0,255,264,MISMYVRPNA
Q5NCD2,254,263,LFYGAAVYTY
Q5NCD3,249,258,LFYGAAVYTY
Q5NCD6,255,264,IIYMYMQPGN
Q5NCD7,250,259,LFYVTTLST
Q5SZS9,256,265,LFYGNIIYMY
Q5SZZ8,251,260,FYGSIIYMYM
Q60878,250,259,VPCIFIYMRP
Q60881,250,259,VPGAFIYMRP
Q60882,252,261,GSGAFMYLKP
Q60883,249,258,LFYGSAIYTY
Q60884,250,259,IFYISAGFTY
Q60885,250,259,LFFGTATVAY
Q60886,256,265,GSAAFMYLKY
Q60887,251,260,GPVIIIYLQR
Q60888,251,260,MPVIFIYLRP
Q60889,255,264,FYSVTIFIYA
Q60890,258,267,VYFLPPSPHS
Q60891,253,262,IFYGTGFFSY
Q60892,254,263,STGLGVYVSS
Q60894,265,274,MYAQPGALTS
Q60895,258,267,MYLQPFSVSS
Q62007,249,258,VHYGCASIAY
Q6UAH1,249,258,FYSSVIAVYL
Q6W049,264,273,VSVTHLAGRR
Q7TQQ0,250,259,FFGPCIFLYT
Q7TQQ2,255,264,LIFMYIRSGS
Q7TQQ3,251,260,FFGTLIFMYL
Q7TQQ7,249,258,IFYGTIIFMY
Q7TQQ8,249,258,FFGSLIFMYL
Q7TQR3,251,260,IFYGTTIFMY
Q7TQS2,252,261,QYGCCTLIYL
Q7TQS3,252,261,QYGCTSLIYL
Q7TQS4,251,260,FYVAMLFIYV
Q7TQS8,251,260,FFYGAAMFIY
Q7TQT0,250,259,FYGSAIYTYL
Q7TQT1,250,259,FYGSAIYTYL
Q7TQT2,250,259,FYGSAMYTYL
Q7TQT3,254,263,AISTYLQPVH
Q7TQT4,254,263,AISTYLQPVH
Q7TQT5,254,263,AISTYLQPVH
Q7TQT6,254,263,AISTYLQPVH
Q7TQT7,254,263,GISTYLQPVH
Q7TQT8,255,264,IIYMYLQPGN
Q7TQU5,251,260,FYGTAIYMYL
Q7TQU7,250,259,LFYGTIFTGY
Q7TQU9,254,263,STGLGVYVSS
Q7TQV1,259,268,LFYGTTGVIH
Q7TQV3,253,262,LFYGTVSAMY
Q7TQV4,250,259,MFCVPAMVMY
Q7TQV7,251,260,FFYAPASYIY
Q7TQW3,246,255,YYGTLGIVYG
Q7TQW4,256,265,YYGTLGTVYA
Q7TQW6,250,259,FFGPCIIVYV
Q7TQX0,250,259,FFGPVMFIYT
Q7TQX5,250,259,LFLPCIFIYV
Q7TQX8,257,266,IYVWPLNITW
Q7TQY0,250,259,FFIPCMFLYV
Q7TQY1,257,266,IYLCPVSITW
Q7TQY2,257,266,IYLWPVSITW
Q7TQY4,257,266,IYLWPVSITW
Q7TQY5,257,266,IYLWPVSITW
Q7TQY8,250,259,FFGPCIFVYI
Q7TQZ0,246,255,LFFGPAIFLY
Q7TQZ2,248,257,FFVPCIFMYV
Q7TQZ3,247,256,LFFVPCIFMY
Q7TQZ6,247,256,LFFVPCIFMY
Q7TQZ8,254,263,PCIFTYMRPV
Q7TR01,249,258,FFVPCILTYA
Q7TR02,249,258,FFVPCMLIYA
Q7TR04,249,258,CFVPCLLIYA
Q7TR05,249,258,FLVPCILIYA
Q7TR08,249,258,FFVPCIFIYA
Q7TR09,249,258,FFVPCIFIYA
Q7TR12,247,256,FFLPLIFTYV
Q7TR13,248,257,FFGPCIYTYV
Q7TR14,248,257,FFGPCIYIYI
Q7TR16,247,256,FFGPCIFIYT
Q7TR24,249,258,FHGTILLLYC
Q7TR25,249,258,FHGIILLLYC
Q7TR26,253,262,FHGILLLLYC
Q7TR27,253,262,FHGIILLLYC
Q7TR29,252,261,FYGTILFLYS
Q7TR34,248,257,VAIFQGTMLF
Q7TR39,248,257,VAIFQGTLLF
Q7TR40,255,264,MLFMYFRPSS
Q7TR44,251,260,IFYGTLLFMY
Q7TR45,254,263,LLFTYFRPSS
Q7TR47,250,259,IFHGTLFMYF
Q7TR54,265,274,LFYGSASITY
Q7TR57,251,260,FYGSISFSYI
Q7TR58,250,259,LFYGTVISTY
Q7TR59,247,256,IYYGTIFFMY
Q7TR67,250,259,VFYGTLIFMY
Q7TR71,251,260,FYGTLLFMYL
Q7TR75,251,260,FYGTLLFMYL
Q7TR76,250,259,VFYGSLLFMY
Q7TR80,251,260,FYGTLLFMYL
Q7TR81,250,259,IFYGTVSFMY
Q7TR84,251,260,FYGTLIFMYL
Q7TR89,251,260,FYGTLFCMYV
Q7TR90,250,259,IFYGTLFCMH
Q7TR94,251,260,FYGSLLFMYS
Q7TR95,250,259,YYGSILYIYA
Q7TR96,250,259,YYGSILYIYA
Q7TRA1,250,259,IFYGTLAYMY
Q7TRA2,250,259,IFYGTLAYMY
Q7TRA6,251,260,FFGSAAFMYL
Q7TRA7,255,264,LGFMYFQPSS
Q7TRA9,253,262,VIVIYLQPNP
Q7TRB7,251,260,FFGSITFMYF
Q7TRB8,247,256,IFFGSITFMY
Q7TRC0,251,260,FFGSCGFMYL
Q7TRC3,249,258,LFFGSGAIRY
Q7TRC7,251,260,FFGSCTFMYL
Q7TRC9,250,259,LFFGSGAFMY
Q7TRD1,250,259,IFFGASAFMY
Q7TRD6,253,262,FFYGSGLLAY
Q7TRD9,259,268,SAFMYLKPSS
Q7TRE0,249,258,FFFGAAAFMY
Q7TRE1,249,258,FFFGAAAFMY
Q7TRE4,254,263,GAFMYLQPPS
Q7TRE5,249,258,LFFGSGAFMY
Q7TRE6,249,258,LFFGSGAFMY
Q7TRF0,250,259,LFYGTGLGVY
Q7TRF3,258,267,VYFSSSVVHS
Q7TRF5,253,262,GTGIGVYLSS
Q7TRF6,253,262,GTGIGVYLSS
Q7TRF8,253,262,GAGSMVYISS
Q7TRG0,250,259,LFYGTGLGVY
Q7TRG2,250,259,LFYGTGLGVY
Q7TRG4,253,262,GTAFGVYMSS
Q7TRG7,253,262,GSGLWVYITS
Q7TRG8,250,259,LFYGTGFGVY
Q7TRG9,250,259,LFYGTGFGVY
Q7TRH2,257,266,TVFFMYAQPG
Q7TRH4,248,257,LTYGSCIFIY
Q7TRH5,248,257,ISYGSCIFMY
Q7TRH7,252,261,SCIFMYIKPS
Q7TRH8,248,257,ISYGSCIFMY
Q7TRH9,248,257,ISYGSCIFMY
Q7TRI2,252,261,SCIFMYTKPS
Q7TRI3,249,258,SYGSCIFMYV
Q7TRI4,249,258,SYGSCIFMYV
Q7TRI5,249,258,SYGSCIFMYV
Q7TRI6,252,261,SCFFIYVKPS
Q7TRI7,251,260,FYGPGISMYL
Q7TRI8,251,260,FYGTVTGVYL
Q7TRJ5,259,268,GSASITYLRP
Q7TRJ6,259,268,GSGSITYLRP
Q7TRK1,255,264,AIFTYVRPIS
Q7TRK4,247,256,LFYSTVFATY
Q7TRL3,253,262,VIAVYLQPKN
Q7TRL9,267,276,FYGTLMVMYV
Q7TRM0,255,264,FYGSVLVMYG
Q7TRM4,290,299,IFVPCVFIYL
Q7TRM9,257,266,ILTYFRPRSN
Q7TRN0,252,261,FYVSLSLTYF
Q7TRN3,250,259,LYYGALTVMY
Q7TRN4,250,259,MWYGGASFMY
Q7TRN8,252,261,FFSTVLLVLV
Q7TRP3,251,260,AFFTPAFFSF
Q7TRP4,252,261,ITYVPAFFNF
Q7TRP7,262,271,VVISVTHLAE
Q7TRQ1,258,267,MVSVSIVHRF
Q7TRR2,256,265,EFYILAFFSF
Q7TRR4,254,263,TPALFSFMTH
Q7TRR7,253,262,FYTPAFFSFL
Q7TRT7,250,259,YYSTVLYTYV
Q7TRT9,248,257,YYSTVIYTYI
Q7TRU6,253,262,LFYGTVTFIY
Q7TRU7,262,271,VISVTHLSET
Q7TRU9,254,263,YYGTTIFIYV
Q7TRV1,249,258,HYGFACFVYL
Q7TRV7,253,262,GMAIFTYIQP
Q7TRV9,249,258,LFYASAFTVY
Q7TRW1,251,260,FYGSILFMYV
Q7TRW7,251,260,FYGTLCMVYL
Q7TRX0,250,259,LFFGTVIRAY
Q7TRX1,245,254,TVVSLYYGTV
Q7TRX2,245,254,TVVSLYYGTV
Q7TRX4,250,259,LFYGSVIVLY
Q7TRX6,250,259,LFYGTIIGLY
Q7TRX7,250,259,LFYGTIIGLY
Q7TRY0,250,259,LFYGTLIGVY
Q7TRY2,250,259,LFYGAAVFMY
Q7TRY4,255,264,IISVYIRPSS
Q7TRY5,249,258,LLYGSVIRMY
Q7TRZ4,250,259,LFYVTGLST
Q7TRZ7,248,257,LFYGAATFSY
Q7TRZ9,249,258,FYGTGSFVYL
Q7TS01,249,258,YYSPVIYTYI
Q7TS04,251,260,SSAAYIYLKP
Q7TS07,252,261,SGAYAYLRPP
Q7TS08,251,260,SSGAYVYLKP
Q7TS10,254,263,VFLSSAAYVY
Q7TS17,248,257,LYFGSACLRY
Q7TS19,255,264,ALFMYMKPKS
Q7TS30,254,263,LFYLPAIYMY
Q7TS32,257,266,MYGSCVFIYM
Q7TS37,249,258,LFYGTLLFMY
Q7TS38,250,259,LFYGTLFLIY
Q7TS43,250,259,LYYGPLLFMY
Q7TS53,251,260,YYGPFIFTYM
Q80ZX9,250,259,IFYGTITFMY
Q8K501,252,261,SCIFIYIKPS
Q8VBV9,253,262,PLIGLSVVHR
Q8VBW9,255,264,GFASIIYLKS
Q8VES2,263,272,FHGTILFMYV
Q8VET0,250,259,FFGPLIFFYT
Q8VET1,254,263,FFGTANFNYV
Q8VET2,255,264,GGAIFSYMQR
Q8VET4,252,261,GPCIFIYVWP
Q8VEU0,252,261,SCIFIYVKPS
Q8VEU2,251,260,YYVPCTFIYL
Q8VEU7,273,282,IVGVYFLPAS
Q8VEV0,247,256,LFFGCAIAMY
Q8VEV6,249,258,FFGSTLFMYL
Q8VEV7,251,260,IFYGTIIFMY
Q8VEV8,250,259,IFYGTVIFMY
Q8VEW1,269,278,LFYGTASITY
Q8VEW5,254,263,FYGTITFIYV
Q8VEW6,254,263,LYGTVTFIYV
Q8VEX5,253,262,GPLLFMYVLP
Q8VEX7,249,258,FFVPCIFIYA
Q8VEX8,263,272,ISYGSCIFMY
Q8VEY1,268,277,GSGSINYLRP
Q8VEY3,253,262,GPIITIYLQP
Q8VEY4,250,259,LFYGPGISMY
Q8VEY6,253,262,FFYAPATYIY
Q8VEY9,250,259,MFYGTGFVVH
Q8VEZ0,251,260,FFGTITFIYV
Q8VEZ3,248,257,FFGPCVFIYL
Q8VEZ4,260,269,CSLVYLRPRS
Q8VEZ5,256,265,QYGGCSLVYL
Q8VF03,260,269,CVILAFYVPG
Q8VF05,249,258,FYYAPFVYT
Q8VF06,251,260,CFYTPALFSF
Q8VF10,247,256,FFGPVMFFYT
Q8VF12,254,263,FYGTTMFIYV
Q8VF13,263,272,YHGTILFMYV
Q8VF14,262,271,IYHGTILFTY
Q8VF16,249,258,FLFGSLVHMY
Q8VF17,249,258,LFFGSAIVMY
Q8VF18,249,258,LFFGSAIVMY
Q8VF20,249,258,HYGFASFVYL
Q8VF22,254,263,ILYGTLIFMY
Q8VF26,253,262,CIFIYVTPSA
Q8VF27,268,277,VSYTPSLFSF
Q8VF28,264,273,SYTPAFFSFL
Q8VF29,250,259,FFTPCMFLYV
Q8VF30,254,263,CLFLYVKPKQ
Q8VF31,251,260,GYGCCLFLYV
Q8VF35,250,259,LYYGTTMYTY
Q8VF37,249,258,LFYGAALYTY
Q8VF40,250,259,FFGPCIFVYM
Q8VF41,253,262,PCIFIYLWPV
Q8VF43,255,264,IYFGTLIYIY
Q8VF55,252,261,QYGCTSFIYL
Q8VF62,251,260,FFGSGAFMYL
Q8VF63,254,263,LFFGAAAFMY
Q8VF64,249,258,LFFGAAAFMY
Q8VF65,254,263,YYGTVTFIYV
Q8VF66,254,263,FYGTITFIYV
Q8VF69,255,264,YFGPGMYTYL
Q8VF72,252,261,YYVPCAFIYL
Q8VF73,250,259,FYGTLAYMYL
Q8VF76,251,260,LYGTLFFIYV
Q8VF78,255,264,FFGSLAFMYL
Q8VF80,250,259,MSYGMALFTH
Q8VF81,251,260,MCFGATIFTY
Q8VF82,249,258,MYGSCVFIYV
Q8VF83,226,235,YIFILFTVWK
Q8VF84,250,259,FFGPCIIVYV
Q8VF85,250,259,FFGPLIFFYT
Q8VF87,254,263,YYGAAMFIYM
Q8VF91,253,262,IFMYVRPVHN
Q8VF94,248,257,FFGPCIFIYT
Q8VFA2,252,261,YYGAAMFIYM
Q8VFA3,253,262,SAIYTYLQPT
Q8VFA4,250,259,FYGSTIYTYL
Q8VFA6,254,263,ATYTYLQPKD
Q8VFA7,254,263,ATYTYLQPKD
Q8VFA8,249,258,FYGSAMYTYL
Q8VFA9,250,259,FYGSGIYTYL
Q8VFC2,251,260,LFFIPIMCIY
Q8VFC3,253,262,VFYGTLIATY
Q8VFC8,250,259,MFGPAIFIYT
Q8VFC9,251,260,YYGTITFIYV
Q8VFD0,254,263,YYGTIIFIYV
Q8VFD1,254,263,FYGTVTFIYV
Q8VFD2,254,263,FYGTVTFIYV
Q8VFD3,254,263,FYGTITFIYV
Q8VFD7,251,260,FFGSTTFMYL
Q8VFD8,252,261,FYGTLIVVYV
Q8VFD9,247,256,LFYSTVFATY
Q8VFE1,248,257,LFYSTVFATY
Q8VFE2,249,258,LFYGTAIFIY
Q8VFE3,252,261,FYGTLMVLYI
Q8VFE4,247,256,LFYSTVFATY
Q8VFE6,255,264,GTVLGIYIRP
Q8VFE7,264,273,TIFLHVRTSV
Q8VFE8,250,259,YYSTVLYTYV
Q8VFF4,250,259,LFYGAAVGVY
Q8VFF6,255,264,GFGVHISSAF
Q8VFF7,250,259,LFYGTGLGVY
Q8VFG1,253,262,FHGIILLLYC
Q8VFG2,256,265,PGIYIYMQPS
Q8VFG3,255,264,LIYMYMKPQN
Q8VFG4,251,260,FYGPVISMYV
Q8VFG7,250,259,LFYGAIIFIY
Q8VFH3,251,260,SCIFIYIKPS
Q8VFH6,252,261,CIFIYINPSA
Q8VFH7,251,260,SCIFIYIKPS
Q8VFH8,252,261,SCIFMYIKPS
Q8VFI0,252,261,CIFMYANPSA
Q8VFI3,252,261,SCIFIYVKPS
Q8VFI7,253,262,LFYGTGIGVY
Q8VFI8,256,265,GTGLGEYFGS
Q8VFJ3,254,263,FYGTGFGVYI
Q8VFJ4,255,264,GFGVYITSVV
Q8VFJ5,253,262,LFYGTGFGVY
Q8VFJ7,250,259,YYGSILYIYS
Q8VFK1,251,260,LYGTLFFIYV
Q8VFK2,251,260,LYGTLFFIYV
Q8VFK3,251,260,IFYGTVIFMY
Q8VFK4,250,259,IYYGTIIFMY
Q8VFK7,258,267,FFGTILFMYL
Q8VFL0,251,260,FYGTLIFMYL
Q8VFL5,257,266,FYGTLFCMYV
Q8VFL9,249,258,FHGTVLFMYV
Q8VFM3,250,259,MWYGGAIFMY
Q8VFM4,250,259,MYYGALTVMY
Q8VFM5,250,259,MWYGGASFMY
Q8VFM8,250,259,LFYGTALGVY
Q8VFM9,258,267,VYLCPSSVRT
Q8VFN3,251,260,FFGSLAFMYL
Q8VFN4,251,260,FFGSLAFMYL
Q8VFN5,251,260,FYGSAAFMYL
Q8VFN6,253,262,VLFMYLRPTA
Q8VFN8,253,262,ACFVYLKPFT
Q8VFP0,251,260,YYGTIIFAYV
Q8VFP3,249,258,LLFGTLARMY
Q8VFP4,251,260,FYGTLTWVYF
Q8VFP5,255,264,AIGVYFIPYA
Q8VFP6,252,261,FYGSIFYVYL
Q8VFP9,251,260,YYGSIIGLYC
Q8VFQ1,248,257,LFYGSITAIY
Q8VFQ2,268,277,GSASITYLRP
Q8VFQ4,250,259,FFGTIIFMYL
Q8VFQ6,249,258,IFYGTIIFMY
Q8VFQ7,251,260,FQGTLLFTYF
Q8VFQ8,248,257,VAIFQGTMLF
Q8VFQ9,255,264,MLFMYFRPSS
Q8VFR3,252,261,IFHGTILFLY
Q8VFS3,249,258,LFFGSAIVMY
Q8VFT4,252,261,MFGPSIYIYA
Q8VFT5,250,259,MFGPAIFIYT
Q8VFU0,254,263,LTYGSCIFIY
Q8VFU4,257,266,TVFFMYAQPG
Q8VFU5,248,257,LSYGSCIFMY
Q8VFU6,257,266,AVFFMYLTPD
Q8VFU9,250,259,HFVPCIYVYA
Q8VFV0,250,259,HFVPCIYVYA
Q8VFV3,251,260,LFYGSGLFSY
Q8VFV4,216,225,LISYGYIIGT
Q8VFW1,249,258,IFYGTSIFMY
Q8VFW4,251,260,IFYGTTIFMY
Q8VFW5,250,259,IFYGTIIFMY
Q8VFX2,252,261,FYGTIIFMYL
Q8VFX3,252,261,FYGTVIFMYL
Q8VFX4,252,261,FYGTVIFMYL
Q8VFX5,248,257,IFYSTVIFMY
Q8VFY0,253,262,GSVLSVYFRP
Q8VFY3,254,263,FYGPAMIMYM
Q8VG02,254,263,YYGTIIFIYV
Q8VG03,254,263,FYGTVTFIYV
Q8VG04,254,263,FYGTITFIYV
Q8VG05,255,264,YYGTITFIYV
Q8VG06,251,260,YYGTITFIYV
Q8VG07,254,263,YYGTITFIYV
Q8VG08,254,263,YYGTITFIYV
Q8VG09,254,263,FYGTITFIYV
Q8VG11,250,259,LFFGTLIFMY
Q8VG12,252,261,FFGPLIFVYT
Q8VG13,254,263,FYGTVTFIYV
Q8VG19,252,261,MFYTPAFFSI
Q8VG21,248,257,FFVPCIFIYT
Q8VG25,259,268,VFYIPTFSLS
Q8VG26,254,263,LPALFSFMTH
Q8VG28,251,260,AFFTPAFFSF
Q8VG32,250,259,HYGCASIVYF
Q8VG33,252,261,SCFFMYVKPS
Q8VG40,225,234,TVIKIPTKGA
Q8VG42,251,260,FYGTITFIYV
Q8VG43,251,260,FYGTITVIYV
Q8VG44,251,260,YYGTITFIYV
Q8VG45,248,257,ISYGSCIFMY
Q8VG46,251,260,SCIFMYVKTS
Q8VG47,247,256,FFLPLIFTYV
Q8VG49,250,259,LFYGSAIITY
Q8VG50,254,263,SGAFMYLHPS
Q8VG53,254,263,SGAFMYFQPS
Q8VG58,248,257,FFVPCIILYM
Q8VG62,248,257,YFGPGAFIYM
Q8VG65,255,264,LTFMYIRSGS
Q8VG66,255,264,LIFMYIRSGS
Q8VG72,251,260,FYGPAISMYL
Q8VG73,247,256,LFFVPCIFMY
Q8VG74,248,257,HFVPCIYVYA
Q8VG76,251,260,FFGSCAFMYL
Q8VG78,250,259,MFYTPAFFSI
Q8VG79,252,261,ITYVPAFFNF
Q8VG87,251,260,FYGTIFSMYA
Q8VG89,251,260,FFGSTAFMYL
Q8VG90,253,262,LFFGSSSFIY
Q8VG94,250,259,LFYGPAISMY
Q8VG95,250,259,LFYGPAISMY
Q8VG96,249,258,LFYGPVGFTY
Q8VG97,255,264,MLFMYFRPSS
Q8VGA0,251,260,FYGTIFSMYA
Q8VGA1,256,265,LFYTPAFFSF
Q8VGA6,250,259,VFYGTLIFMY
Q8VGA9,251,260,FYGTILFMYG
Q8VGB1,253,262,MFCGPAMFMY
Q8VGB8,250,259,LFYGTCLGVY
Q8VGC1,254,263,TGTVAYMRPQ
Q8VGC4,252,261,SCIFIYIKPS
Q8VGC5,251,260,SCIFIYIKPS
Q8VGC7,250,259,VFYGTLLFMY
Q8VGC8,258,267,ISGYAYMAPK
Q8VGD6,252,261,FYGAAMFIYL
Q8VGD7,251,260,LFYGAAMITY
Q8VGD8,251,260,LFYGPLVYTY
Q8VGD9,254,263,LFYGAAIYTY
Q8VGE1,252,261,HYGCTAIIYM
Q8VGE9,253,262,FFVPCIFIYV
Q8VGF5,253,262,IFIYARPPTT
Q8VGG1,249,258,FFVPCILIYA
Q8VGG4,253,262,GTGLSVYLSS
Q8VGG6,253,262,GTAFGVYISS
Q8VGG8,257,266,IYLWPVSITW
Q8VGH0,255,264,ILGVYMHPSS
Q8VGH1,255,264,ILGVYMRPSS
Q8VGH2,250,259,YYTAVFYAYI
Q8VGH5,259,268,TIFIYARPSR
Q8VGI1,253,262,GTVIGLYLSP
Q8VGI5,251,260,FYGTVLFVYV
Q8VGI6,251,260,YYGTITFIYV
Q8VGI8,248,257,ISYGSCIFMY
Q8VGI9,247,256,ISYGSCIFMY
Q8VGJ0,252,261,SCIFIYIKPS
Q8VGJ2,252,261,SCIFMYIKPS
Q8VGJ3,256,265,LSYGSCIFMY
Q8VGJ4,259,268,YYSSVFCAYI
Q8VGJ5,249,258,FYYAPFAYT
Q8VGJ6,252,261,QYGCGSLIYL
Q8VGJ7,246,255,CVVSLYYGSV
Q8VGJ8,254,263,FYGSLMGVYL
Q8VGJ9,249,258,SVVSLYYGAI
Q8VGK0,249,258,FYGTLFSVYL
Q8VGK1,249,258,FYGTLFSAYL
Q8VGK4,250,259,LYYGAIIGLY
Q8VGK5,254,263,AIIGLYFFPS
Q8VGK6,248,257,LYFGSIIGLY
Q8VGK8,255,264,IIGLYFVPSS
Q8VGL1,252,261,FYTTTTFMYA
Q8VGL2,247,256,YYSTVIYTYI
Q8VGL5,251,260,YYSTVIYTYL
Q8VGL6,251,260,YYGPVIFTYM
Q8VGM3,248,257,FFVPCIFMYV
Q8VGM5,249,258,FFVSCILIYA
Q8VGM6,247,256,CFFAPCSFIY
Q8VGM7,247,256,CFFAPCIFIY
Q8VGM8,247,256,LFFVPCIFMY
Q8VGN0,243,252,LFFVPCIYTY
Q8VGN4,245,254,FFVPCIFVYL
Q8VGN8,248,257,FFGPATFLYL
Q8VGP0,251,260,PCIFVYMRPV
Q8VGP1,248,257,FFVPCIFMYA
Q8VGP6,249,258,LFYGTAIVMY
Q8VGP8,260,269,CSLVYLRPRS
Q8VGP9,249,258,LFYGTLLFMY
Q8VGQ3,250,259,LFYGTLFLIY
Q8VGQ7,253,262,ICLLMYIGPS
Q8VGR3,250,259,LFYGTIIGLY
Q8VGR9,251,260,FYGTLIFMYL
Q8VGS2,257,266,VFYGTLLFMY
Q8VGS3,251,260,FYGTVMFMYL
Q8VGT4,251,260,YYSTIIYTYL
Q8VGT9,262,271,LFYGTATITY
Q8VGU4,251,260,FYMAMIFMYV
Q8VGU5,251,260,FYTALLFMYV
Q8VGU6,251,260,LFYCTLLGVY
Q8VGU7,251,260,LFYCTLLGVY
Q8VGU8,253,262,CTGLGVYLSS
Q8VGU9,252,261,ITYVPAFFTF
Q8VGV0,254,263,FFSTILLVFI
Q8VGV1,254,263,ILILFFSTVL
Q8VGV6,258,267,AFFCFFSHRF
Q8VGV7,255,264,FLYGTIIWVY
Q8VGV8,254,263,TPALFSFMTH
Q8VGV9,257,266,TLYIPALFTF
Q8VGW0,257,266,TLYIPALFTF
Q8VGW1,252,261,MFYIPAFFSI
Q8VGW3,252,261,ITYVPAFFTF
Q8VGW5,253,262,FYVPSFFTLL
Q8VGW6,251,260,FYFTAISMYV
Q8VGW8,251,260,SATIFMYARP
Q8VGW9,250,259,FYGAAMYTYL
Q8VGX0,250,259,FYGSGIYTYL
Q8VGX1,259,268,LFYGTGFGVY
Q8VGX5,250,259,LFYFTGLGVY
Q8VGX6,254,263,PMIGVSTVHR
Q8VGX7,262,271,VIGVSMIHRF
Q8VGX9,261,270,SYTPALFSFF
Q8VGY4,256,265,LLAITVMHRI
Q8VGY7,251,260,VSYIPALFSF
Q8VGY8,252,261,IYYVPMIGVS
Q8VGZ2,252,261,AFYIPALFTF
Q8VGZ3,256,265,PLIGVSVIHR
Q8VGZ6,257,266,MISLSLVHRF
Q8VGZ7,249,258,VFIFYVPFIG
Q8VGZ8,257,266,MIGLSIVHRF
Q8VGZ9,260,269,FFGPALFSFL
Q8VH00,252,261,ITYVPAFFTF
Q8VH08,250,259,FFVPCVFIYL
Q8VH09,250,259,VFYGSIIFMY
Q8VH10,250,259,FFVPCVFIYL
Q8VH11,258,267,MIGLSVIHRF
Q8VH12,255,264,IITLATMHRF
Q8VH13,255,264,IFYVPVISLA
Q8VH14,262,271,VIGVSMIHRF
Q8VH16,262,271,PIIALASMHR
Q8VH17,252,261,LFYIPMIGLS
Q8VH18,221,230,TLILQAVFRL
Q8VH20,263,272,MVGVSMTHRF
Q8VH21,257,266,KVGVSMFARY
Q920P2,252,261,FHGTILFLYC
Q920Z2,250,259,LYYGSGIFAY
Q924H8,255,264,CLFLYVKPKQ
Q924X8,257,266,MISVSMVHRF
Q9D3U9,250,259,MFYGGATFMY
Q9EP55,250,259,FFYGSTIFTY
Q9EPF5,250,259,MWYGGSSLMY
Q9EPF6,250,259,MWYGGAIVMY
Q9EPF7,250,259,MFYGAATFMY
Q9EPF8,250,259,MFYGAATFMY
Q9EPG6,255,264,AIFNYMQPNT
Q9EPN9,259,268,VLGLSIVHRF
Q9EQ84,253,262,VIVIYLQPNP
Q9EQ87,249,258,AFMPVVLIYL
Q9EQ90,221,230,IIATILCIHS
Q9EQ91,213,222,TIITSYIFII
Q9EQ92,254,263,FYGSAAFTYL
Q9EQ93,253,262,GSTVFMYLQP
Q9EQ96,251,260,FYGSAAFTYL
Q9EQ97,253,262,GSTTFMYLQP
Q9EQ98,247,256,IFFGSITFMY
Q9EQ99,250,259,IFFGSITFMY
Q9EQA0,250,259,IFFGSITFMY
Q9EQA5,254,263,LFFGASAFMY
Q9EQA6,249,258,IFFGSLAFMY
Q9EQB2,253,262,LFYGSGLLAY
Q9EQB5,254,263,FYGSAAFMYL
Q9EQB6,254,263,FYGSTAFVYL
Q9EQQ7,257,266,MIGLSIVHRF
Q9JHB2,258,267,VYLSSSFTQN
Q9QY00,253,262,GTLFFIYVRP
Q9QZ18,250,259,LFYSTIIFMY
Q9QZ19,252,261,FYGTILFMYG
Q9QZ20,251,260,FYGTILFMYG
Q9QZ22,252,261,FYGTILFMYG
Q9R0K4,253,262,FLGHCIFIYS
Q9Z1V0,251,260,GSCIFMYVRS
W4VSP0,265,274,LFYGSTSAT
